461	Batson Creek Falls	https://ncwaterfalls.com/waterfalls/batson-creek-falls
364	Bird Rock Falls	https://ncwaterfalls.com/waterfalls/bird-rock-falls
405	Catawba Falls	https://ncwaterfalls.com/waterfalls/catawba-falls
745	Bald Springs Falls	https://ncwaterfalls.com/waterfalls/bald-springs-falls
962	Balsam Falls	https://ncwaterfalls.com/waterfalls/balsam-falls
927	Bee Branch Falls	https://ncwaterfalls.com/waterfalls/bee-branch-falls
775	Betseys Rock Falls	https://ncwaterfalls.com/waterfalls/betseys-rock-falls
586	Bradley Cooper Falls	https://ncwaterfalls.com/waterfalls/bradley-cooper-falls
421	Jones Falls	https://ncwaterfalls.com/waterfalls/jones-falls
812	Burgan Creek Falls	https://ncwaterfalls.com/waterfalls/burgan-creek-falls
922	Burningtown Falls	https://ncwaterfalls.com/waterfalls/burningtown-falls
774	Cascade Falls	https://ncwaterfalls.com/waterfalls/cascade-falls
590	Case Falls	https://ncwaterfalls.com/waterfalls/case-falls
340	Catheys Creek Falls	https://ncwaterfalls.com/waterfalls/catheys-creek-falls
601	Cedar Falls (Fountain Inn)	https://ncwaterfalls.com/waterfalls/cedar-falls
861	Cliff Branch Falls	https://ncwaterfalls.com/waterfalls/cliff-branch-falls
997	Climbing Wall Falls	https://ncwaterfalls.com/waterfalls/climbing-wall-falls
338	Cody Falls	https://ncwaterfalls.com/waterfalls/cody-falls
462	Connestee Falls	https://ncwaterfalls.com/waterfalls/connestee-falls
407	Courthouse Falls	https://ncwaterfalls.com/waterfalls/courthouse-falls
999	Coyote Falls	https://ncwaterfalls.com/waterfalls/coyote-falls
550	Cullasaja Falls	https://ncwaterfalls.com/waterfalls/cullasaja-falls
897	Cutler Falls	https://ncwaterfalls.com/waterfalls/cutler-falls
316	DEW Falls	https://ncwaterfalls.com/waterfalls/dew-falls
349	Dill Falls	https://ncwaterfalls.com/waterfalls/dill-falls
501	Discovery Falls	https://ncwaterfalls.com/waterfalls/discovery-falls
359	Drift Falls (Bust-Your-Butt Falls)	https://ncwaterfalls.com/waterfalls/drift-falls
360	Dry Falls	https://ncwaterfalls.com/waterfalls/dry-falls
579	Beetree Fork Falls	https://ncwaterfalls.com/waterfalls/beetree-fork-falls
548	Bennett Cove Falls	https://ncwaterfalls.com/waterfalls/bennett-cove-falls
1105	Falling Water Branch Falls	https://ncwaterfalls.com/waterfalls/falling-water-branch-falls
572	Glassmine Falls	https://ncwaterfalls.com/waterfalls/glassmine-falls
636	Glencannon Falls	https://ncwaterfalls.com/waterfalls/glencannon-falls
331	Glen Falls	https://ncwaterfalls.com/waterfalls/glen-falls
799	Green Mountain Falls	https://ncwaterfalls.com/waterfalls/green-mountain-falls
343	Hickory Nut Falls	https://ncwaterfalls.com/waterfalls/hickory-nut-falls
729	Highlands Falls	https://ncwaterfalls.com/waterfalls/highlands-falls
923	Indian Camp Creek Falls	https://ncwaterfalls.com/waterfalls/indian-camp-creek-falls
574	Kiesee Falls	https://ncwaterfalls.com/waterfalls/kiesee-falls
667	Big Bearwallow Falls	https://ncwaterfalls.com/waterfalls/big-bearwallow-falls
926	Kuykendall Falls	https://ncwaterfalls.com/waterfalls/kuykendall-falls
986	Lauren Falls	https://ncwaterfalls.com/waterfalls/lauren-falls
743	Leatherwood Falls	https://ncwaterfalls.com/waterfalls/leatherwood-falls
531	Lemon Falls	https://ncwaterfalls.com/waterfalls/lemon-falls
410	Little Bradley Falls	https://ncwaterfalls.com/waterfalls/little-bradley-falls
709	Little Creek Falls (Highlands)	https://ncwaterfalls.com/waterfalls/little-creek-falls-highlands
505	Little Moore Cove Falls	https://ncwaterfalls.com/waterfalls/little-moore-cove-falls
385	Logging Road Falls	https://ncwaterfalls.com/waterfalls/logging-road-falls
378	Looking Glass Falls	https://ncwaterfalls.com/waterfalls/looking-glass-falls
744	Lower Bald Springs Falls	https://ncwaterfalls.com/waterfalls/lower-bald-springs-falls
963	Lower Balsam Falls	https://ncwaterfalls.com/waterfalls/lower-balsam-falls
640	Lower Stick Falls	https://ncwaterfalls.com/waterfalls/lower-stick-falls
482	Merry Falls	https://ncwaterfalls.com/waterfalls/merry-falls
585	Milton Bradley Falls	https://ncwaterfalls.com/waterfalls/milton-bradley-falls
324	Mingo Falls	https://ncwaterfalls.com/waterfalls/mingo-falls
380	Moore Cove Falls	https://ncwaterfalls.com/waterfalls/moore-cove-falls
622	No-Name Cove Falls	https://ncwaterfalls.com/waterfalls/no-name-cove-falls
888	Big Creek Falls	https://ncwaterfalls.com/waterfalls/big-creek-falls
964	Patricia Falls	https://ncwaterfalls.com/waterfalls/patricia-falls
632	Potholes Falls	https://ncwaterfalls.com/waterfalls/potholes-falls
594	Poundingmill Branch Falls	https://ncwaterfalls.com/waterfalls/poundingmill-branch-falls
551	Quarry Falls	https://ncwaterfalls.com/waterfalls/quarry-falls
393	Rainbow Falls- Horsepasture River	https://ncwaterfalls.com/waterfalls/rainbow-falls-horsepasture-river
746	Rain Forest Falls	https://ncwaterfalls.com/waterfalls/rain-forest-falls
835	Red Rock Falls	https://ncwaterfalls.com/waterfalls/red-rock-falls
576	Reese Place Falls	https://ncwaterfalls.com/waterfalls/reese-place-falls
838	Sam Branch Falls	https://ncwaterfalls.com/waterfalls/sam-branch-falls
552	Scadin Falls	https://ncwaterfalls.com/waterfalls/scadin-falls
350	Second Falls	https://ncwaterfalls.com/waterfalls/second-falls
323	Silver Run Falls	https://ncwaterfalls.com/waterfalls/silver-run-falls
765	Silvervale Falls	https://ncwaterfalls.com/waterfalls/silvervale-falls
641	Slick Stick Falls	https://ncwaterfalls.com/waterfalls/slick-stick-falls
325	Soco Falls	https://ncwaterfalls.com/waterfalls/soco-falls
992	Sols Creek Falls	https://ncwaterfalls.com/waterfalls/sols-creek-falls
1237	Stairstep Falls	https://ncwaterfalls.com/waterfalls/stairstep-falls
639	Stick Falls	https://ncwaterfalls.com/waterfalls/stick-falls
577	Summey Cove Falls	https://ncwaterfalls.com/waterfalls/summey-cove-falls
504	Sunburst Falls	https://ncwaterfalls.com/waterfalls/sunburst-falls
468	Toxaway Falls	https://ncwaterfalls.com/waterfalls/toxaway-falls
353	Triple Falls	https://ncwaterfalls.com/waterfalls/triple-falls
1001	Upper Bear Creek Falls	https://ncwaterfalls.com/waterfalls/upper-bear-creek-falls
821	Upper Catawba Falls	https://ncwaterfalls.com/waterfalls/upper-catawba-falls
496	Upper Courthouse Falls	https://ncwaterfalls.com/waterfalls/upper-courthouse-falls
503	Upper Dill Falls	https://ncwaterfalls.com/waterfalls/upper-dill-falls
578	Upper Kiesee Falls	https://ncwaterfalls.com/waterfalls/upper-kiesee-falls
1008	Upper Little Creek Falls	https://ncwaterfalls.com/waterfalls/upper-little-creek-falls
322	Upper Logging Road Falls	https://ncwaterfalls.com/waterfalls/upper-logging-road-falls
418	Upper Log Hollow Falls	https://ncwaterfalls.com/waterfalls/upper-log-hollow-falls
471	Upper Silver Run Falls	https://ncwaterfalls.com/waterfalls/upper-silver-run-falls
384	High Falls- Little River	https://ncwaterfalls.com/waterfalls/high-falls-little-river
382	Waterfall on Long Branch	https://ncwaterfalls.com/waterfalls/waterfall-on-long-branch
318	White Owl Falls	https://ncwaterfalls.com/waterfalls/white-owl-falls
394	Whitewater Falls	https://ncwaterfalls.com/waterfalls/whitewater-falls
895	Boxcar Falls	https://ncwaterfalls.com/waterfalls/boxcar-falls
661	Cherry Cove Falls	https://ncwaterfalls.com/waterfalls/cherry-cove-falls
498	Chestnut Falls	https://ncwaterfalls.com/waterfalls/chestnut-falls
581	East Fork Falls	https://ncwaterfalls.com/waterfalls/east-fork-falls
896	Graybeard Falls	https://ncwaterfalls.com/waterfalls/graybeard-falls
417	Hooker Falls	https://ncwaterfalls.com/waterfalls/hooker-falls
395	Linville Falls	https://ncwaterfalls.com/waterfalls/linville-falls
909	Jumping Fish Falls	https://ncwaterfalls.com/waterfalls/jumping-fish-falls
911	Clark Park Falls	https://ncwaterfalls.com/waterfalls/clark-park-falls
1201	Cover Falls (Private)	https://ncwaterfalls.com/waterfalls/cover-falls
910	Lanier Falls	https://ncwaterfalls.com/waterfalls/lanier-falls
570	Lower Catawba Falls	https://ncwaterfalls.com/waterfalls/lower-catawba-falls
685	Pot Branch Falls	https://ncwaterfalls.com/waterfalls/pot-branch-falls
339	Skinny Dip Falls	https://ncwaterfalls.com/waterfalls/skinny-dip-falls
512	Yellowstone Falls	https://ncwaterfalls.com/waterfalls/yellowstone-falls
