Name,Type,Owner,Hike (RT),Lat/Long,Link
Azalea Park,Pool,City of Asheville,,"35.573264, -82.491287",https://riverlink.org/splash-into-summer-asheville-swim-guide/
Bear Creek and Wolf Creek Lakes,Cove,Nantahala National Forest,Fee Area,"35.24440, -83.01530",https://secretswimmingholes.com/directory/?state=NC
Bent Creek / Lake Powhatan,Cove,Pisgah National Forest,,"35.4816287, -82.6260661",https://riverlink.org/splash-into-summer-asheville-swim-guide/
Big Creek,Pool,Great Smoky Mountains National Park,,,https://secretswimmingholes.com/directory/?state=NC
Big Laurel Creek,Chute,Nantahala National Forest,,,https://secretswimmingholes.com/directory/?state=NC
Big Laurel Falls,Plunge,Nantahala National Forest,,,https://secretswimmingholes.com/directory/?state=NC
Boone Fork Trail Falls,Pool,Blue Ridge Parkway (Julian Price Park),5.1,,https://www.alltrails.com/trail/us/north-carolina/boone-fork-trail--8
Bullhole,Pool,River Park at Cooleemee Falls,,,https://secretswimmingholes.com/directory/?state=NC
Bust Your Butt Falls,Pool,Nantahala National Forest (unconfirmed),,,http://travelguidesasheville.com/allguides/the-best-swimming-holes-near-asheville-nc
Cascade Falls (Deep Gap),Chute,"unconfirmed — swimmability disputed, see note",1,,https://familydestinationsguide.com/known-swimming-north-carolina/
Charles D. Owen Park,Pool,Buncombe County,,"35.6102626, -82.4281787",https://riverlink.org/splash-into-summer-asheville-swim-guide/
Courthouse Falls,Plunge,Pisgah National Forest,2,"35.27157, -82.89431",https://www.discoverjacksonnc.com/trail/courthouse-falls/67e7252eaf65b9b30598d3d2/
Deep Creek,Chute,Great Smoky Mountains National Park,,,https://secretswimmingholes.com/directory/?state=NC
Duggers Creek Falls,Plunge,Blue Ridge Parkway (Linville Falls),0.5,,https://www.blueridgeoutdoors.com/hiking/swimmers-guide-blue-ridge-parkway/
Dupont State Forest Spots,Plunge,DuPont State Recreational Forest,,,https://secretswimmingholes.com/directory/?state=NC
Elk River Falls,Plunge,Pisgah National Forest,,,https://secretswimmingholes.com/directory/?state=NC
Elk Shoals,Basin,New River State Park,Reservations (Permit) Required,,https://secretswimmingholes.com/directory/?state=NC
Eno River / Quarry,Basin,Eno River State Park,,,https://secretswimmingholes.com/directory/?state=NC
Falls Lake S.R.A.,Cove,Falls Lake State Recreation Area,,"36.01170, -78.68800",https://secretswimmingholes.com/directory/?state=NC
Fires Creek,Pool,Nantahala National Forest,,,https://secretswimmingholes.com/directory/?state=NC
Flat Laurel Creek,Chute,Pisgah National Forest,3.7,,https://www.blueridgeoutdoors.com/hiking/swimmers-guide-blue-ridge-parkway/
Fort Hamby Park,Cove,Kerr Scott Reservoir (USACE),,,https://highcountryhost.com/NC-High-Country-Where-to-Swim
Goose Creek S.P.,Cove,Goose Creek State Park,,"35.48185, -76.90141",https://secretswimmingholes.com/directory/?state=NC
Granny Burrell Falls,Chute,Nantahala National Forest,1.25,"35.16302, -83.02830",https://www.discoverjacksonnc.com/trail/granny-burrell-falls/67e72b08af65b9b30598d3db/
Graveyard Fields Plunge,,Blueridge Parkway?,0.6,,http://smokymountainsoul.com/best-swimming-holes-near-asheville-nc/
High Falls (DuPont),Plunge,DuPont State Recreational Forest,1.2,,https://www.alltrails.com/trail/us/north-carolina/high-falls-and-triple-falls-tour
High Falls (Lake Glenville),Plunge,Nantahala National Forest,1.2,"35.20442, -83.16001",https://www.discoverjacksonnc.com/trail/high-falls/67e72bc1af65b9b30598d3df/
High Falls (Thompson River),Plunge,Nantahala National Forest,2.9,,https://www.alltrails.com/trail/us/north-carolina/high-falls
Hominy Creek Greenway,Pool,City of Asheville,,"35.5642627, -82.5982015",https://riverlink.org/splash-into-summer-asheville-swim-guide/
Hooker Plunge,Plunge Pool,Dupont State Recreational Forest,1,"35.2019412, -82.6234583",https://smokymountainsoul.com/best-swimming-holes-near-asheville-nc/
Huntfish Falls,Plunge,Pisgah National Forest (Wilson Creek Wilderness),1.6,,https://www.alltrails.com/trail/us/north-carolina/hunt-fish-falls-trail
Jawbone Falls,Chute,Nantahala National Forest,2.2,"35.17371, -83.00353",https://www.discoverjacksonnc.com/trail/jawbone-falls/67e72c63af65b9b30598d3e3/
Jones Lake,Lake,Jones Lake State Park,,,http://ourstate.com/9-north-carolina-swimming-spots/
Lake James Swimming Spots,Cove,Lake James State Park,,,https://secretswimmingholes.com/directory/?state=NC
Laurel River Trail,Chute,Pisgah National Forest,4,"35.9126133, -82.7568528",https://riverlink.org/splash-into-summer-asheville-swim-guide/
Little Bradley Falls,Plunge,Green River Game Land,1.9,,https://www.alltrails.com/trail/us/north-carolina/little-bradley-falls-trail
Little Uwharrie River,Pool,Uwharrie National Forest,,,https://secretswimmingholes.com/directory/?state=NC
Looking Glass Rock Spots,Chute,Pisgah National Forest,,,https://secretswimmingholes.com/directory/?state=NC
Midnight Hole,,GSMNP,2,,http://smokymountainsoul.com/best-swimming-holes-near-asheville-nc/
Mouse Creek Plunge,,GSMNP,,,
Neuse River,Basin,Croatan National Forest,,,https://secretswimmingholes.com/directory/?state=NC
Paradise Falls,Plunge,Nantahala National Forest (unconfirmed),,,http://travelguidesasheville.com/allguides/the-best-swimming-holes-near-asheville-nc
Pines Recreation Area,Cove,,,,https://www.discoverjacksonnc.com/listing/pines-recreation-area/463/
Reems Creek at Lake Louise,Plunge,Town of Weaverville,,"35.687963, -82.571280",https://riverlink.org/splash-into-summer-asheville-swim-guide/
Schoolhouse Plunge,Plunge Pool,Nantahala National Forest,,"35.16330, -83.00674",https://www.discoverjacksonnc.com/trail/schoolhouse-falls/67e731b7af65b9b30598d3f6/
Secret Falls (Highlands),Plunge,Nantahala National Forest,1.4,,https://www.alltrails.com/trail/us/north-carolina/secret-falls-trail
Silver Run Plunge,Plunge Pool,Nantahala National Forest,,"35.06599, -83.06558",https://www.discoverjacksonnc.com/trail/silver-run-falls/67e733f7af65b9b30598d3f8/
Skinny Dip Falls,Plunge,Pisgah National Forest,0.9,,https://www.alltrails.com/trail/us/north-carolina/skinny-dip-falls
Sliding Rock (Brevard),Chute,Pisgah National Forest,,,http://ourstate.com/9-north-carolina-swimming-spots/
Sliding Rock (Cashiers),Chute,Nantahala National Forest (unconfirmed),,,https://www.discoverjacksonnc.com/listing/sliding-rock/487/
South Toe River Spots,Pool,Pisgah National Forest,,,https://secretswimmingholes.com/directory/?state=NC
Sunburst Swimming Hole,Basin,,,,http://ourstate.com/9-north-carolina-swimming-spots/
The Bullhole,Natural River,,,,http://ourstate.com/9-north-carolina-swimming-spots/
The Quarry at Carrigan Farms,Quarry,,,,http://ourstate.com/9-north-carolina-swimming-spots/
Turtleback Falls,Chute,Gorges State Park,4,,https://www.alltrails.com/trail/us/north-carolina/rainbow-falls-and-turtleback-falls-trail
Upper Creek Falls,Pool,Pisgah National Forest,1.5,,https://www.alltrails.com/trail/us/north-carolina/upper-creek-falls-loop-trail
Whaleback,Pool,Pisgah National Forest,,,https://www.blueridgeoutdoors.com/hiking/swimmers-guide-blue-ridge-parkway/
White Lake,Lake,Town of White Lake,,,https://familydestinationsguide.com/known-swimming-north-carolina/
Wildcat Lake,Lake,Lees-McRae College / Banner Elk,,,https://highcountryhost.com/NC-High-Country-Where-to-Swim
