312	Long Creek Falls	1	75
319	Wolf Creek Falls	1	75
336	Lee Falls	3	75
347	Yellow Branch Falls	1	75
355	North Harper Creek Falls	1	75
361	Bearcamp Falls (Hillard Falls)	1	75
368	Scotsman Falls	1	75
382	Waterfall on Long Branch	1	75
411	Waterfall on Sam Branch	1	75
413	Aunt Sally's Falls	1	75
421	Jones Falls	1	75
426	Mt Hardy Falls	1	75
436	Spruce Flats Falls	1	75
469	Bearwallow Falls	1	75
477	Waterfall on Caney Bottom Loop	1	75
478	Waterfall on Barnett Branch	1	75
486	Waterfall on Avery Creek	1	75
487	Lower Bubbling Springs Branch	1	75
488	Upper Bubbling Springs Branch	1	75
490	Waterfall on Flat Laurel Creek	1	75
491	Upper Cascade Falls	1	75
492	Hidden Falls	1	75
493	Window Falls	1	75
494	Torys Den Falls	1	75
495	Lower Cascade Falls	2	75
500	Unnamed Waterfall on Looking Glass Creek #3	3	75
502	Unnamed Waterfall on Looking Glass Creek #2	3	75
508	Stone Mountain Falls (Little Falls)	1	75
509	Middle Falls at Stone Mountain	1	75
513	Middle Wildcat Branch Falls	3	75
514	Fourth Falls on Tributary of Wildcat Branch	1	75
516	Upper Wildcat Branch Falls	1	75
517	Waterfall on Devil's Fork Creek	6	75
518	Middle Falls on Rockhouse Creek	1	75
519	Waterfall on Tributary of Rockhouse Creek	1	75
520	Waterfall on Rockhouse Creek	1	75
521	Waterfall on Trib #1 of Toxaway River	1	75
524	The Chute	1	75
527	Falls on Double Branch	1	75
528	Widow's Creek Falls	1	75
529	Lower Falls at Stone Mountain	1	75
530	Middle Cascade Falls	1	75
540	Simon's Falls	2	75
542	Auger Fork Falls	3	75
543	Maple Springs Branch Falls	3	75
549	Rough Run Falls	5	75
563	Bedrock Betty Falls	1	75
565	55 M.P.H. Falls	3	75
638	Waterfall on Pearson Falls Road	3	75
642	Upper Scotsman Falls	1	75
643	Big Falls (Snowbird Creek)	1	75
644	Upper Falls (Snowbird Creek)	1	75
653	Waterfall on Trib of Sols Creek	3	75
654	Roy Talyor Falls	1	75
655	Charleys Creek Falls	1	75
665	Waterfall on East Fork of French Broad River	2	75
673	Cascades Falls	2	75
674	Waterfall downstream from Moonshine Falls	1	75
680	Falls on Wolf Creek	3	75
681	Falls on Cullowhee Creek	1	75
684	Unnamed Waterfall on Laurel Fork	1	75
686	Lower Waterfall on Green Creek (SC)	1	75
690	Rockcliff Falls	1	75
693	Lower Barnett Branch Falls	1	75
694	Upper Barnett Branch Falls	1	75
695	South Laurel Fork Falls	1	75
696	Fungi Falls	1	75
697	Sillers Falls	1	75
698	Not Lower Big Bald Falls	1	75
840	Waterfall on Gunter Fork	1	75
842	Waterfall on Washington Creek	5	75
843	Upper Mingo Falls	1	75
845	Lower Camp Creek Falls (Green River)	3	75
847	Little Canyon Falls	1	75
852	Turtle Falls	1	75
853	Yellow Fork Falls	1	75
854	Still Falls	1	75
857	Lower Waddle Branch Falls	1	75
862	Chasteen Creek Falls	3	75
863	Campsite Falls	2	75
864	Bear Rock Falls	2	75
866	Wolverine Falls	3	75
875	Lower Raines Mill Falls	2	75
876	Middle Raines Mill Falls	2	75
877	Upper Raines Mill Falls	3	75
880	Devil's Hole Falls	2	75
887	Cascades Waterfall (Craggy)	1	75
897	Cutler Falls	2	75
904	Orange Rock Falls	1	75
908	Shacktown Falls	2	75
909	Jumping Fish Falls	1	75
917	Horse Trail Falls	1	75
918	Sassafras Ridge Falls	1	75
919	Hurricane Creek Falls	1	75
1034	Waterfall #3 on Wattacoo Creek	1	75
1035	Waterfall #4 on Wattacoo Creek	1	75
1036	Waterfall #5 on Wattacoo Creek	1	75
1037	Waterfall #6 on Wattacoo Creek	1	75
1038	Waterfall #7 on Wattacoo Creek	1	75
1039	Mandible Falls	1	75
1040	Unnamed Waterfall on Reedy Cove Creek	1	75
1042	Devil's Fork Falls	1	75
1043	Lower Resurrection Falls	1	75
1045	Bisection Falls	1	75
1046	Insurrection Falls	1	75
1047	Satan's Spoon Falls	2	75
1048	Silver Creek Falls	4	75
1049	Horseshoe Falls (SC)	2	75
1050	Van Patton Shoals	6	75
1053	Beautimus Falls	1	75
1054	Upper Beautimus Falls	1	75
1055	Upper Brier Creek Falls	1	75
1057	Logjam Falls	1	75
1059	Waterfall on Chastine Creek	1	75
1062	Sandy Bottom Falls (unofficial name)	1	75
1063	Right Angle Falls (unofficial name)	1	75
1064	Pace Yourself Falls	1	75
1065	Green Wall Falls (unofficial name)	1	75
699	Not Upper Big Bald Falls	1	75
700	Lower Big Bald Falls	1	75
701	Upper Big Bald Falls	1	75
704	Indian Creek Falls	1	75
708	Waterfall on Little East Fork	3	75
711	Laceration Falls	1	75
713	Lower Stillhouse Falls	1	75
714	Hidden Falls	1	75
716	Elmos Falls	1	75
718	Grassy Creek Falls	3	75
723	(Gimmie) Three Steps Falls	3	75
725	Falls on Blacksnake Branch	3	75
726	Falls on Grassy Branch	5	75
727	Lower Satula Falls	1	75
728	Satula Falls	1	75
729	Highlands Falls	1	75
730	Katies Falls	1	75
732	Waterfall on Oil Camp Creek Trib	4	75
736	Cavern Falls	1	75
747	Pinnacle Falls SC (Beech Bottom Falls)	1	75
752	Lower Buff Falls	1	75
753	Buff Falls	2	75
754	Sliding Waterfall near Buff Creek Road	3	75
1142	Rock Jaw Falls	1	75
1143	Grandiose Falls	1	75
1144	Used Falls (Wateroak Creek)	1	75
1146	New and Improved Falls	1	75
1147	Upper Rough Butt Falls	1	75
1149	Enchanted Falls	1	75
1150	Forgotten Cove Falls	2	75
1151	Umbrella Rock Falls	1	75
1152	Bigger Fall on Small Trib Falls	1	75
1154	Upper Distillery Falls	1	75
1155	Upland Laurel Falls (Dryland Laurel Branch)	1	75
1156	Woodland Laurel Falls (Dryland Laurel Branch)	3	75
1157	Little Ledge Falls (Dryland Laurel Branch)	1	75
1158	Rockland Laurel Falls (Dryland Laurel Branch)	1	75
1171	Palmetto Trail Falls (SC)	1	75
1177	Doghobble Falls (West Campbell Creek)	1	75
1178	Jootum Falls	2	75
1179	West Campbell Creek Falls	3	75
1180	Yurt Villiage Falls	3	75
1181	Burgess Falls	3	75
921	Berties Falls	3	75
932	Falls on Horse Cove Branch tributary	7	75
933	Fall Creek Falls (Hanging Rock)	1	75
937	The Energizer (Falls)	2	75
946	Raven Cliff Falls	1	75
949	Laurel Falls (Corbin Creek)	1	75
956	Stillwater Branch Falls	1	75
958	Lower Log Hollow Falls	1	75
959	Middle Log Hollow Falls	1	75
961	Hugh Heffner Falls	1	75
968	Rachel Creek Falls	2	75
969	Middle Rachel Creek Falls	2	75
973	Waterfall on Trib of Laurel Creek	1	75
975	Hamlin Falls	3	75
976	Waterfall #10 on Wattacoo Creek	3	75
977	Waterfall #9 on Wattacoo Creek	1	75
978	Waterfall #8 on Wattacoo Creek	1	75
989	Dargans Cascade (Silver Steps Falls)	2	75
993	Baby Bradley Falls	1	75
994	Son of Bradley Falls	1	75
567	Wheelchair Accessible Falls	1	75
587	Marilu Bradley Falls	3	75
591	Cashier's Sliding Rock	1	75
601	Cedar Falls (Fountain Inn)	2	75
607	Pinkie Falls	5	75
608	Waterfall on Skitty Creek	3	75
618	Waterfall #1 on Pinnacle MTN Trail	1	75
619	Waterfall #2 on Pinnacle MTN Trail	3	75
620	Waterfall #3 on Pinnacle MTN Trail	1	75
621	Waterfall #4 on Pinnacle MTN Trail	1	75
623	Lower Waterfall in Upper Bennett Cove	1	75
624	Middle Waterfall In Upper Bennett Cove	1	75
625	Upper Waterfall in Upper Bennett Cove	3	75
626	Lower Waterfall in Cherry Cove	1	75
628	Upper Waterfall in Cherry Cove	1	75
631	Catstairs Falls	5	75
635	Waterfall on Williamson Creek	1	75
1066	Gamelands Falls	1	75
1068	Locust Tree Lake Falls	2	75
1069	Rainbow Falls (Private along US64)	1	75
1070	Bushwhack Falls (SC)	1	75
1071	Upper Laurel Fork Falls (SC)	1	75
1073	Christopher Falls (SC)	2	75
1075	Waterfall #1 on Chucky Branch	1	75
1076	Waterfall #2 on Chucky Branch	1	75
1077	Waterfall #3 on Chucky Branch	1	75
1078	Waterfall #4 on Chucky Branch	1	75
1079	Waterfall #5 on Chucky Branch	1	75
1080	Waterfall #6 on Chucky Branch	1	75
1081	Waterfall #7 on Chucky Branch	1	75
1082	Kinney Branch Falls	1	75
1083	Middle Kinney Branch Falls	1	75
1084	Upper Kinney Branch Falls	1	75
1085	Narrow Canyon Falls	1	75
1088	Duality Falls	1	75
1089	Little Bully Falls	1	75
1090	Big Bully Falls	1	75
1091	Upper Trillium Valley Falls	1	75
1092	Middle Trillium Valley Falls	1	75
1093	Lower Trillium Valley Falls	1	75
1213	Upper Fisher Hole Falls	1	75
1214	Lower Fisher Hole Falls	1	75
1215	Daniel Cove Falls	1	75
1216	Big Laurel Falls (TH)	1	75
1217	Virgin Falls (TN)	1	75
1220	Big Branch Falls (TN)	1	75
1222	Right Prong Ledge Creek Falls	1	75
1223	Chesquaw Branch Falls	4	75
1224	Right Prong South Toe River Falls	1	75
1227	Grassy Ridge Branch Falls	1	75
1228	Baskins Creek Falls	4	75
1236	Old Flats Falls	4	75
1240	Lower Waterfall on Mill Creek	3	75
1241	Twenty Mile Cascades	3	75
1243	Uppermost Waterfall on Road Prong	1	75
1244	Upper Waterfall on Road Prong	1	75
1245	Middle Waterfall on Road Prong	1	75
1246	Lower Waterfall on Road Prong	1	75
1183	Slate Rock Creek Trib Falls	3	75
1184	Queen Creek Falls	1	75
1185	Lower Queen Creek Falls	1	75
1186	Middle Queen Creek Falls	2	75
1187	Upper Queen Creek Falls	1	75
1188	Lower Boomer Inn Falls	1	75
1190	Upper Twin Falls on Henry Branch (Ugly Twin trib)	1	75
1191	Upper Falls Amos Creek (My Name)	1	75
1192	Cave Falls Amos Creek (My name)	1	75
1193	Amos Creek Falls (My name)	1	75
1194	Lower Falls Amos Creek (My name)	1	75
1195	Crevasse Falls Amos Creek (My name)	1	75
1196	Last Falls Amos Creek (My name)	1	75
1197	Upper Bestos Falls	1	75
1200	Coley Creek Falls	1	75
1202	Radder Creek Falls	3	75
1204	Middle John Neal Falls	1	75
1205	Upper John Neal Falls	1	75
1206	945 Big Cliff Falls etc. (SC)	1	75
1207	Unexpected Falls (US178	6	75
1209	Mill Branch Falls (281N)	1	75
1210	Blythe Shoals (SC)	5	75
1211	Shining Trail Falls	1	75
1212	Upper Maple Springs Branch Falls	1	75
755	Whiteoak Flats Falls	1	75
760	Hole in the Rock Falls	3	75
762	Cascade on the Nantahala	2	75
763	Falls Upstream from Whiteoak Falls	1	75
766	Glen Marie Falls	3	75
767	The Cascades (Glenlevit Falls)	1	75
770	Waterfalls Park Falls	3	75
771	Buckeye Falls	2	75
772	Watauga Falls	2	75
773	Laurel Falls	1	75
776	Waterfall in Bullpen Cove	1	75
780	Splash Dam Falls	1	75
793	Teacup Falls	1	75
796	Cascade on Edgemont Road	3	75
800	Lower slide on Cane Creek	3	75
801	Stepped Falls on Cane Creek	2	75
802	Lower Cane Creek Falls	1	75
803	Middle Cane Creek Falls	1	75
809	Waterfall on Parker Creek	1	75
826	West Prong Hickey Fork Falls	3	75
831	McGilliard Falls	7	75
834	Middle Prong Falls	1	75
839	Midnight Hole Falls	3	75
1248	998 Lower Lynn Camp Falls	1	75
1249	Waterfall on Trib of Middle Prong	1	75
1252	Bean Creek Falls	1	75
1255	Lower Limberpole Falls	1	75
1268	Toms Falls	1	75
1270	Highlands Falls (Highlands Falls Country Club)	1	75
1303	Upper Falls (Fall Creek)	1	75
1304	Main Falls (Fall Creek)	1	75
1305	Third Falls (Fall Creek)	1	75
1306	Upper Big Cliff Falls (SC)	1	75
1307	Split Falls (Laurel Fork SC)	1	75
1095	Bonita Falls (SC)	0	75
1096	Abbey Falls (SC)	0	75
1097	Deflection Falls (SC)	0	75
1098	Overhang Falls (SC)	1	75
1101	Long Branch Falls (Mills River)	4	75
1102	Waterfall on Smith Creek (SC)	2	75
1108	Upper Raven Cliff Falls (SC)	1	75
1112	Upper Shoal Creek Falls	1	75
1113	Shoal Creek Falls	0	75
1114	Even Lower Greasy Cove Falls	1	75
1116	Green Party Falls	0	75
1118	Upper Blackberry Falls	1	75
1119	Lower Blackberry Falls	3	75
1120	Waterfall on trib above Portage Left	1	75
1127	Lower Basin Creek Falls	1	75
1128	Upper Basin Creek Falls	1	75
1131	Upper Woodfin Cascades	0	75
1132	Old Dam Falls	1	75
1133	Renzulli Falls (Bracken Preserve)	0	75
1134	Tower Falls	1	75
1135	Lower Thompson Trib Falls (Lower Christmas Falls)	0	75
1137	Boomer Inn Falls (2nd Floor)	1	75
1138	Boomer Inn Falls (3rd Floor)	1	75
1139	Boomer Inn Falls (4th Floor)	1	75
1140	Boomer Inn Trib Falls	1	75
997	Climbing Wall Falls	3	75
998	Bull Sluice	3	75
1000	Crevasse Falls (Split Rock Falls)	1	75
1002	Waterfall on Lost Cove Creek	3	75
1003	Trackside Falls (Lost Cove)	5	75
1004	Homer Falls (SC)	3	75
1007	Riverside Falls (Mills River)	3	75
1009	Waterfall on Trib of Shuck Ridge Creek	2	75
1010	Lulu Falls	1	75
1011	Upper Lulu Falls	1	75
1012	Lanning Branch Falls	0	75
1013	Laurie's Falls	3	75
1014	Coon Hollow Falls	3	75
1016	Upper Big Bearpen Falls	1	75
1017	Rough Rock Falls	0	75
1019	Homestead Falls	1	75
1020	Upper Discovery Falls	1	75
1022	Upper Blue Wall Falls	5	75
1027	Lower Crane Creek Falls	1	75
1028	Mountain Cat Falls	1	75
1030	Vespa Falls	1	75
1032	Waterfall #1 on Wattacoo Creek	3	75
1033	Waterfall #2 on Wattacoo Creek	1	75
1056	Puny Falls (waterfall on trib of Brier Creek)	0	75
1094	Louie Falls (SC)	0	75
522	Waterfall on Cold Mountain Branch	0	75
533	Falls on Billy Branch	0	75
585	Milton Bradley Falls	0	75
593	Upper Brasstown Falls	0	75
596	FR225 Falls	0	75
597	Big Bend Falls	0	75
604	Glen Falls Downstream	0	75
605	Waterfall on Trib of Brooks Creek	0	75
627	Middle Waterfall in Cherry Cove	0	75
637	Turley Falls	0	75
657	Sugar Creek Falls	0	75
667	Big Bearwallow Falls	0	75
668	Mooney Falls	0	75
688	Kings Creek Falls	0	75
738	Spicoli Falls	0	75
749	Misty Falls	0	75
764	Queens Falls	0	75
828	Woodfin Cascades	0	75
941	Step Around Falls	0	75
951	Secret Falls (DuPont)	0	75
970	Magic School Bus Falls	0	75
971	Sign Post Falls (GA)	0	75
984	22 Foot Falls	0	75
995	Waterfall on Ramsey Prong	1	75
996	Mr T's Cascade	1	75
1141	Upper Limber Pole Falls	1	75
1153	Distillery Falls	0	75
1159	Thompson Trib Falls (Keyhole Access Falls)	0	75
1160	Musterground Road Falls	0	75
1161	Hal's Falls	0	75
1172	Mile High Falls	0	75
1208	950 Red Eft Falls etc.	0	75
1218	Upper Sheep Cave Falls (TN)	0	75
1219	Lower Sheep Cave Falls (TN)	0	75
1232	Laurel Falls	0	75
1233	Cataract Falls	0	75
1234	Meigs Creek Cascade	0	75
1239	Waterfall on Tobes Creek	0	75
1242	Meigs Falls	0	75
1247	The Sinks	0	75
1251	Waterfall on Sweet Branch	0	75
1271	Climbing Wall Falls (Looking Glass Creek)	0	75
1273	Bear Creek and Wolf Creek Lakes	0	75
1284	Falls Lake S.R.A.	0	75
1287	Goose Creek S.P.	0	75
1296	Pines Recreation Area	0	75
1308	Black Eft Falls	0	75
1309	D Eft Falls	0	75
1310	Hidden Cl Eft Falls	0	75
